,A_IP1,T_IP1,C_IP1,G_IP1,trun_IP1,del_IP1,ins_IP1,mismatch_IP1,A_IP2,T_IP2,C_IP2,G_IP2,trun_IP2,del_IP2,ins_IP2,mismatch_IP2,A_IN1,T_IN1,C_IN1,G_IN1,trun_IN1,del_IN1,ins_IN1,mismatch_IN1,A_IN2,T_IN2,C_IN2,G_IN2,trun_IN2,del_IN2,ins_IN2,mismatch_IN2,shape,ref_seq
14464,48,55,72,2529,10,11.0,0.0,175,20,19,17.0,1208.0,12,1.0,0.0,56.0,0.0,0.0,0.0,22.0,0.0,0.0,0.0,0.0,0.0,0.0,0.0,87.0,0.0,0.0,0.0,0.0,0.0,C
14465,59,2776,79,45,30,0.0,0.0,183,26,1221,8.0,17.0,45,0.0,0.0,51.0,0.0,23.0,0.0,0.0,0.0,0.0,0.0,0.0,1.0,88.0,1.0,0.0,3.0,0.0,0.0,2.0,0.00800000037997961,A
14466,3247,57,47,52,9,0.0,0.0,156,1223,25,9.0,10.0,9,1.0,0.0,44.0,24.0,0.0,1.0,0.0,0.0,0.0,0.0,1.0,86.0,0.0,1.0,0.0,2.0,0.0,0.0,1.0,0.03700000047683716,U
14467,39,4185,52,36,5,0.0,0.0,127,10,1299,16.0,15.0,5,0.0,0.0,41.0,0.0,30.0,0.0,0.0,0.0,0.0,0.0,0.0,0.0,89.0,0.0,0.0,1.0,0.0,0.0,0.0,0.1720000058412552,A
14468,4880,31,19,22,22,0.0,0.0,72,1395,13,9.0,0.0,15,0.0,0.0,22.0,30.0,0.0,2.0,0.0,1.0,0.0,0.0,2.0,95.0,0.0,0.0,1.0,1.0,0.0,0.0,1.0,0.10999999940395355,U
14469,18,5254,15,16,16,0.0,0.0,49,2,1447,2.0,2.0,8,0.0,0.0,6.0,0.0,32.0,0.0,0.0,0.0,0.0,0.0,0.0,0.0,98.0,0.0,0.0,0.0,0.0,0.0,0.0,0.12600000202655792,A
14470,20,24,5453,15,20,0.0,0.0,59,6,6,1456.0,4.0,7,0.0,0.0,16.0,0.0,0.0,32.0,0.0,0.0,0.0,0.0,0.0,1.0,0.0,99.0,0.0,1.0,0.0,0.0,1.0,0.16699999570846558,G
14471,20,20,5595,11,32,7.0,0.0,51,4,4,1470.0,8.0,11,5.0,0.0,16.0,0.0,0.0,34.0,0.0,0.0,0.0,0.0,0.0,0.0,0.0,102.0,0.0,2.0,0.0,0.0,0.0,0.09799999743700027,G
14472,5693,19,23,12,103,0.0,0.0,54,1513,6,3.0,2.0,56,0.0,0.0,11.0,34.0,0.0,0.0,0.0,0.0,0.0,0.0,0.0,108.0,0.0,0.0,0.0,4.0,0.0,0.0,0.0,0.07900000363588333,U
14473,5771,20,6,15,29,0.0,0.0,41,1490,7,2.0,5.0,14,0.0,0.0,14.0,36.0,0.0,0.0,0.0,1.0,0.0,0.0,0.0,108.0,0.0,0.0,0.0,2.0,0.0,0.0,0.0,0.16599999368190765,U
14474,5907,23,19,7,20,0.0,0.0,49,1517,3,6.0,5.0,7,0.0,0.0,14.0,35.0,0.0,0.0,0.0,0.0,0.0,0.0,0.0,110.0,0.0,0.0,0.0,0.0,0.0,0.0,0.0,0.22599999606609344,U
14475,15,15,13,5963,9,1.0,0.0,43,6,6,3.0,1542.0,7,0.0,0.0,15.0,0.0,0.0,0.0,35.0,0.0,0.0,0.0,0.0,1.0,0.0,0.0,108.0,0.0,0.0,0.0,1.0,0.07999999821186066,C
14476,6122,14,8,15,15,0.0,0.0,37,1545,7,6.0,7.0,7,0.0,0.0,20.0,35.0,0.0,0.0,0.0,0.0,0.0,0.0,0.0,111.0,0.0,0.0,0.0,1.0,0.0,0.0,0.0,0.13099999725818634,U
14477,17,13,6218,8,46,2.0,0.0,38,9,5,1557.0,4.0,23,2.0,0.0,18.0,0.0,0.0,36.0,0.0,0.0,0.0,0.0,0.0,0.0,0.0,112.0,0.0,1.0,0.0,0.0,0.0,0.20600000023841858,G
14478,6293,15,7,14,6,0.0,0.0,36,1596,9,2.0,7.0,2,0.0,1.0,18.0,41.0,0.0,0.0,0.0,0.0,0.0,0.0,0.0,120.0,0.0,0.0,0.0,2.0,0.0,0.0,0.0,0.37299999594688416,U
14479,6351,9,7,12,46,1.0,1.0,28,1619,8,4.0,9.0,26,0.0,0.0,21.0,44.0,0.0,0.0,0.0,1.0,0.0,0.0,0.0,120.0,0.0,0.0,0.0,0.0,0.0,0.0,0.0,0.35199999809265137,U
14480,27,20,6406,7,26,14.0,0.0,54,13,3,1647.0,6.0,13,1.0,0.0,22.0,0.0,0.0,43.0,0.0,0.0,1.0,0.0,0.0,0.0,0.0,121.0,0.0,0.0,0.0,0.0,0.0,0.8389999866485596,G
14481,11,20,6450,7,34,0.0,0.0,38,7,9,1665.0,3.0,13,0.0,0.0,19.0,0.0,0.0,44.0,0.0,0.0,0.0,0.0,0.0,0.0,0.0,126.0,0.0,0.0,0.0,0.0,0.0,1.0,G
14482,6415,13,16,11,35,2.0,0.0,40,1661,7,8.0,7.0,25,2.0,0.0,22.0,44.0,0.0,0.0,0.0,0.0,0.0,0.0,0.0,129.0,0.0,0.0,0.0,1.0,0.0,0.0,0.0,0.4729999899864197,U
14483,19,6470,14,12,21,7.0,0.0,45,7,1657,5.0,4.0,12,2.0,0.0,16.0,0.0,46.0,0.0,0.0,0.0,0.0,0.0,0.0,0.0,128.0,0.0,0.0,1.0,0.0,0.0,0.0,1.0,A
14484,15,16,6586,8,27,1.0,0.0,39,6,9,1661.0,5.0,21,1.0,0.0,20.0,0.0,0.0,49.0,0.0,0.0,0.0,0.0,0.0,0.0,0.0,131.0,0.0,0.0,0.0,0.0,0.0,1.0,G
14485,6634,11,16,18,46,11.0,0.0,45,1673,10,12.0,7.0,26,5.0,0.0,29.0,50.0,0.0,0.0,0.0,0.0,0.0,0.0,0.0,139.0,0.0,0.0,1.0,1.0,1.0,0.0,1.0,0.777999997138977,U
14486,10,6686,22,6,28,0.0,0.0,38,7,1705,3.0,5.0,10,0.0,0.0,15.0,0.0,50.0,0.0,0.0,0.0,0.0,0.0,0.0,0.0,139.0,0.0,0.0,0.0,0.0,0.0,0.0,1.0,A
14487,5,6720,9,3,27,14.0,0.0,17,2,1718,3.0,1.0,8,1.0,0.0,6.0,0.0,49.0,1.0,0.0,1.0,0.0,0.0,1.0,0.0,143.0,0.0,0.0,0.0,0.0,0.0,0.0,1.0,A
14488,7,27,6805,3,66,0.0,0.0,37,3,4,1753.0,0.0,13,0.0,0.0,7.0,0.0,0.0,50.0,0.0,0.0,0.0,0.0,0.0,0.0,0.0,146.0,0.0,2.0,0.0,0.0,0.0,1.0,G
14489,9,6,6789,6,78,0.0,0.0,21,4,1,1739.0,2.0,15,0.0,0.0,7.0,0.0,0.0,50.0,0.0,1.0,0.0,0.0,0.0,0.0,0.0,144.0,0.0,1.0,0.0,0.0,0.0,1.0,G
14490,10,12,6752,4,72,0.0,0.0,26,4,5,1756.0,0.0,22,0.0,0.0,9.0,0.0,0.0,50.0,0.0,0.0,0.0,0.0,0.0,1.0,0.0,143.0,0.0,4.0,0.0,0.0,1.0,0.5009999871253967,G
14491,14,14,6693,2,38,0.0,0.0,30,3,3,1746.0,0.0,11,0.0,0.0,6.0,0.0,0.0,50.0,0.0,1.0,0.0,0.0,0.0,0.0,0.0,140.0,0.0,0.0,0.0,0.0,0.0,0.13099999725818634,G
14492,12,31,6652,7,22,0.0,0.0,50,5,6,1746.0,2.0,10,0.0,0.0,13.0,0.0,0.0,49.0,0.0,0.0,0.0,0.0,0.0,0.0,1.0,139.0,0.0,1.0,0.0,0.0,1.0,0.24300000071525574,G
14493,29,6577,51,4,262,6.0,0.0,84,7,1729,16.0,1.0,60,2.0,0.0,24.0,0.0,49.0,0.0,0.0,1.0,0.0,0.0,0.0,0.0,137.0,1.0,0.0,5.0,0.0,0.0,1.0,0.6389999985694885,A
14494,6378,18,10,4,159,0.0,0.0,32,1691,4,3.0,1.0,34,0.0,0.0,8.0,46.0,0.0,0.0,0.0,0.0,0.0,0.0,0.0,135.0,0.0,0.0,0.0,2.0,0.0,0.0,0.0,1.0,U
14495,6253,7,8,13,251,0.0,0.0,28,1671,3,4.0,2.0,40,0.0,0.0,9.0,47.0,0.0,0.0,0.0,0.0,0.0,0.0,0.0,136.0,0.0,0.0,0.0,1.0,0.0,0.0,0.0,1.0,U
14496,5991,46,2,15,315,0.0,0.0,63,1643,9,1.0,4.0,69,0.0,0.0,14.0,47.0,0.0,0.0,0.0,1.0,0.0,0.0,0.0,136.0,0.0,0.0,0.0,3.0,0.0,0.0,0.0,0.9549999833106995,U
14497,73,5672,45,9,653,5.0,0.0,127,22,1573,9.0,3.0,126,0.0,0.0,34.0,0.0,49.0,0.0,0.0,1.0,0.0,0.0,0.0,1.0,133.0,0.0,0.0,12.0,1.0,0.0,1.0,0.9959999918937683,A
14498,5177,13,9,11,489,0.0,0.0,33,1492,5,5.0,2.0,106,0.0,0.0,12.0,51.0,0.0,0.0,0.0,2.0,0.0,0.0,0.0,123.0,0.0,0.0,0.0,4.0,0.0,0.0,0.0,1.0,U
14499,4705,22,7,14,626,0.0,0.0,43,1405,5,2.0,3.0,115,0.0,0.0,10.0,48.0,0.0,0.0,0.0,3.0,0.0,0.0,0.0,123.0,0.0,0.0,0.0,10.0,0.0,0.0,0.0,0.7839999794960022,U
14500,4120,15,17,8,240,0.0,0.0,40,1306,3,2.0,3.0,30,0.0,0.0,8.0,46.0,0.0,0.0,0.0,3.0,0.0,0.0,0.0,113.0,0.0,0.0,0.0,4.0,0.0,0.0,0.0,0.6039999723434448,U
14501,14,3915,28,5,138,0.0,0.0,47,7,1275,8.0,0.0,28,0.0,0.0,15.0,0.0,44.0,0.0,0.0,2.0,0.0,0.0,0.0,0.0,112.0,0.0,0.0,1.0,0.0,0.0,0.0,0.3059999942779541,A
14502,17,3816,36,8,326,9.0,0.0,61,7,1270,7.0,2.0,54,10.0,0.0,16.0,1.0,41.0,0.0,0.0,1.0,1.0,0.0,1.0,0.0,111.0,0.0,0.0,3.0,2.0,0.0,0.0,0.8510000109672546,A
14503,3569,10,7,15,321,0.0,0.0,32,1228,4,2.0,4.0,53,0.0,0.0,10.0,40.0,0.0,0.0,0.0,0.0,0.0,0.0,0.0,105.0,0.0,0.0,0.0,6.0,0.0,0.0,0.0,0.5230000019073486,U
14504,3290,14,5,5,340,0.0,0.0,24,1204,3,1.0,8.0,61,0.0,0.0,12.0,42.0,0.0,0.0,0.0,1.0,0.0,0.0,0.0,101.0,0.0,0.0,0.0,3.0,0.0,0.0,0.0,0.45899999141693115,U
14505,2997,5,6,6,327,0.0,0.0,17,1160,3,0.0,5.0,61,0.0,0.0,8.0,40.0,0.0,0.0,0.0,0.0,0.0,0.0,0.0,99.0,0.0,0.0,0.0,3.0,0.0,0.0,0.0,0.18299999833106995,U
14506,2705,8,4,2,268,0.0,0.0,14,1114,4,1.0,3.0,57,0.0,0.0,8.0,41.0,0.0,0.0,0.0,0.0,0.0,0.0,0.0,97.0,0.0,0.0,0.0,3.0,0.0,0.0,0.0,0.1940000057220459,U
